keyword,snippet,url
cats,"4m Melissa Felina @Melissafelina Wishing a peaceful and happy Friday. Please stay safe and sound. ""It is in your hands to create a better world for all who live in it."" ~ Nelson Mandela (died on 5 Dec",https://mastodon.social/@Melissafelina/115665595033191931
cats,"Tris Kerslake <p><span class=""h-card"" translate=""no""><a href=""https://theblower.au/@troberts"" class=""u-url mention"" rel=""nofollow noopener"" target=""_blank"">@<span>troberts</span></a></span> I once wen",N/A
cats,"chopps <p>wilma listening to deathmetal<br /><a href=""https://mastodon.social/tags/photography"" class=""mention hashtag"" rel=""tag"">#<span>photography</span></a> <br /><a href=""https://mastodon.social/t",N/A
cats,"ğŸ³ï¸â€ğŸŒˆ El MurciÃ©lago ğŸ¦‡  FCK|NZS <p>Buongiorno, antifascisti âœŠğŸ˜â¤ï¸<br /><a href=""https://mastodon.social/tags/cats"" class=""mention hashtag"" rel=""tag"">#<span>cats</span></a></p>",N/A
cats,"Cat Every Hour <p>âœ¨ c a t âœ¨  <a href=""https://piaille.fr/tags/Cats"" class=""mention hashtag"" rel=""nofollow noopener"" target=""_blank"">#<span>Cats</span></a> <a href=""https://piaille.fr/tags/MastoCats"" c",N/A
cats,"Raven (she/her)  :sparkling_trans_heart: :fedora: :neodog_verified: <p>silly eepy cat</p><p><a href=""https://infosec.exchange/tags/catsofmastodon"" class=""mention hashtag"" rel=""nofollow noopener"" targe",N/A
cats,"hobbs <p>just tried to play <a href=""https://dobbs.town/tags/stray"" class=""mention hashtag"" rel=""nofollow noopener"" target=""_blank"">#<span>stray</span></a> and it pissed off my real life <a href=""http",N/A
cats,"Cat Every Hour <p>âœ¨ c a t âœ¨  <a href=""https://piaille.fr/tags/Cats"" class=""mention hashtag"" rel=""nofollow noopener"" target=""_blank"">#<span>Cats</span></a> <a href=""https://piaille.fr/tags/MastoCats"" c",N/A
cats,"bjÃ¶rn <p>Luckily I have enough time before heading to work today; a rare moment of Skadi sleep cuddling on me lap. <a href=""https://hachyderm.io/tags/cats"" class=""mention hashtag"" rel=""nofollow noopen",N/A
cats,"RichardInSandy <p>Tiny Sir massaging Clover was something you may not have known that you needed to see, but you do. Music by John Martyn. <a href=""https://c.im/tags/TinySirTheCat"" class=""mention hash",N/A
cats,"Artemis <p>My friends, I am sad to say I will be stuck on my couch forever. It's been good knowing you.<br><a href=""https://mstdn.social/tags/cats"" class=""mention hashtag"" rel=""nofollow noopener"" targ",N/A
cats,"Amber Love DECLASSIFIED! Gus and Ollie re-opened the case of The Grey Man, Sierra Six. <a href=""https://www.catdetectivecases.com/year9-casefile29"" rel=""nofollow noopener"" target=""_blank"">https://www.",N/A
cats,"Cat Every Hour <p>âœ¨ c a t âœ¨  <a href=""https://piaille.fr/tags/Cats"" class=""mention hashtag"" rel=""nofollow noopener"" target=""_blank"">#<span>Cats</span></a> <a href=""https://piaille.fr/tags/MastoCats"" c",N/A
cats,"Mike Rainey Here's a pic from a couple years ago that I don't think I've posted here.<br>
<a href=""https://pixey.org/discover/tags/cats?src=hash"" class=""u-url hashtag"" rel=""nofollow noopener"" target=""",N/A
cats,"TribeofMa <p>Good Morning, <a href=""https://ohai.social/tags/cats"" class=""mention hashtag"" rel=""nofollow noopener"" target=""_blank"">#<span>cats</span></a> and significant others ğŸ¤ ğŸŒ„ ğŸ¾ ğŸ— â˜• ğŸŒ„ Have a good",N/A
cats,"ã‚´ãƒªãƒ©ã®è¼ãâ›©ï¸ğŸ¶ã€è…ã€‘ <p>èº²çŒ«çŒ«<br><a href=""https://wxw.moe/tags/cats"" class=""mention hashtag"" rel=""nofollow noopener"" target=""_blank"">#<span>cats</span></a> <a href=""https://wxw.moe/tags/%E7%8C%AB%E7%8C%AB%E5%87",N/A
cats,"Konaa mac Nessa <p>Exceedingly late edition to <a href=""https://mastodon.social/tags/WhiskersWednesday"" class=""mention hashtag"" rel=""tag"">#<span>WhiskersWednesday</span></a> with fur baby Ronan, part ",N/A
cats,"Konaa mac Nessa <p>Exceedingly late edition to <a href=""https://mastodon.social/tags/WhiskersWednesday"" class=""mention hashtag"" rel=""tag"">#<span>WhiskersWednesday</span></a> with fur baby Ronan, part ",N/A
cats,"Solveig <p>Friday afternÃµon skritches are the bÃªst :blobcat: âœ‹ğŸ¾ <br><a href=""https://toot.cat/tags/cats"" class=""mention hashtag"" rel=""nofollow noopener"" target=""_blank"">#<span>cats</span></a> <a href=",N/A
cats,"kingargyle <p>Meet Wash and Mal <span class=""h-card"" translate=""no""><a href=""https://noc.social/@kura"" class=""u-url mention"" rel=""nofollow noopener"" target=""_blank"">@<span>kura</span></a></span>. They",N/A
cats,"6m Melissa Felina @Melissafelina Wishing a peaceful and happy Friday. Please stay safe and sound. ""It is in your hands to create a better world for all who live in it."" ~ Nelson Mandela (died on 5 Dec",https://mastodon.social/@Melissafelina/115665595033191931
cats,"Tris Kerslake <p><span class=""h-card"" translate=""no""><a href=""https://theblower.au/@troberts"" class=""u-url mention"" rel=""nofollow noopener"" target=""_blank"">@<span>troberts</span></a></span> I once wen",N/A
cats,"chopps <p>wilma listening to deathmetal<br /><a href=""https://mastodon.social/tags/photography"" class=""mention hashtag"" rel=""tag"">#<span>photography</span></a> <br /><a href=""https://mastodon.social/t",N/A
cats,"ğŸ³ï¸â€ğŸŒˆ El MurciÃ©lago ğŸ¦‡  FCK|NZS <p>Buongiorno, antifascisti âœŠğŸ˜â¤ï¸<br /><a href=""https://mastodon.social/tags/cats"" class=""mention hashtag"" rel=""tag"">#<span>cats</span></a></p>",N/A
cats,"Cat Every Hour <p>âœ¨ c a t âœ¨  <a href=""https://piaille.fr/tags/Cats"" class=""mention hashtag"" rel=""nofollow noopener"" target=""_blank"">#<span>Cats</span></a> <a href=""https://piaille.fr/tags/MastoCats"" c",N/A
cats,"Raven (she/her)  :sparkling_trans_heart: :fedora: :neodog_verified: <p>silly eepy cat</p><p><a href=""https://infosec.exchange/tags/catsofmastodon"" class=""mention hashtag"" rel=""nofollow noopener"" targe",N/A
cats,"hobbs <p>just tried to play <a href=""https://dobbs.town/tags/stray"" class=""mention hashtag"" rel=""nofollow noopener"" target=""_blank"">#<span>stray</span></a> and it pissed off my real life <a href=""http",N/A
cats,"Cat Every Hour <p>âœ¨ c a t âœ¨  <a href=""https://piaille.fr/tags/Cats"" class=""mention hashtag"" rel=""nofollow noopener"" target=""_blank"">#<span>Cats</span></a> <a href=""https://piaille.fr/tags/MastoCats"" c",N/A
cats,"bjÃ¶rn <p>Luckily I have enough time before heading to work today; a rare moment of Skadi sleep cuddling on me lap. <a href=""https://hachyderm.io/tags/cats"" class=""mention hashtag"" rel=""nofollow noopen",N/A
cats,"RichardInSandy <p>Tiny Sir massaging Clover was something you may not have known that you needed to see, but you do. Music by John Martyn. <a href=""https://c.im/tags/TinySirTheCat"" class=""mention hash",N/A
cats,"Artemis <p>My friends, I am sad to say I will be stuck on my couch forever. It's been good knowing you.<br><a href=""https://mstdn.social/tags/cats"" class=""mention hashtag"" rel=""nofollow noopener"" targ",N/A
cats,"Amber Love DECLASSIFIED! Gus and Ollie re-opened the case of The Grey Man, Sierra Six. <a href=""https://www.catdetectivecases.com/year9-casefile29"" rel=""nofollow noopener"" target=""_blank"">https://www.",N/A
cats,"Cat Every Hour <p>âœ¨ c a t âœ¨  <a href=""https://piaille.fr/tags/Cats"" class=""mention hashtag"" rel=""nofollow noopener"" target=""_blank"">#<span>Cats</span></a> <a href=""https://piaille.fr/tags/MastoCats"" c",N/A
cats,"Mike Rainey Here's a pic from a couple years ago that I don't think I've posted here.<br>
<a href=""https://pixey.org/discover/tags/cats?src=hash"" class=""u-url hashtag"" rel=""nofollow noopener"" target=""",N/A
cats,"TribeofMa <p>Good Morning, <a href=""https://ohai.social/tags/cats"" class=""mention hashtag"" rel=""nofollow noopener"" target=""_blank"">#<span>cats</span></a> and significant others ğŸ¤ ğŸŒ„ ğŸ¾ ğŸ— â˜• ğŸŒ„ Have a good",N/A
cats,"ã‚´ãƒªãƒ©ã®è¼ãâ›©ï¸ğŸ¶ã€è…ã€‘ <p>èº²çŒ«çŒ«<br><a href=""https://wxw.moe/tags/cats"" class=""mention hashtag"" rel=""nofollow noopener"" target=""_blank"">#<span>cats</span></a> <a href=""https://wxw.moe/tags/%E7%8C%AB%E7%8C%AB%E5%87",N/A
cats,"Konaa mac Nessa <p>Exceedingly late edition to <a href=""https://mastodon.social/tags/WhiskersWednesday"" class=""mention hashtag"" rel=""tag"">#<span>WhiskersWednesday</span></a> with fur baby Ronan, part ",N/A
cats,"Konaa mac Nessa <p>Exceedingly late edition to <a href=""https://mastodon.social/tags/WhiskersWednesday"" class=""mention hashtag"" rel=""tag"">#<span>WhiskersWednesday</span></a> with fur baby Ronan, part ",N/A
cats,"Solveig <p>Friday afternÃµon skritches are the bÃªst :blobcat: âœ‹ğŸ¾ <br><a href=""https://toot.cat/tags/cats"" class=""mention hashtag"" rel=""nofollow noopener"" target=""_blank"">#<span>cats</span></a> <a href=",N/A
cats,"kingargyle <p>Meet Wash and Mal <span class=""h-card"" translate=""no""><a href=""https://noc.social/@kura"" class=""u-url mention"" rel=""nofollow noopener"" target=""_blank"">@<span>kura</span></a></span>. They",N/A
