url,keyword
https://news.asu.edu/20251125-health-and-medicine-surprising-connection-between-obesity-choline-and-brain-inflammation,medicine
https://news.asu.edu/saf/health-and-medicine,medicine
https://news.asu.edu/saf/local-national-and-global-affairs,medicine
https://news.asu.edu/20251202-local-national-and-global-affairs-college-dropout-asu-alum-space-force-general,medicine
https://news.asu.edu/saf/arts-humanities-and-education,medicine
https://news.asu.edu/20251121-arts-humanities-and-education-asu-again-among-top-contributors-teach-america,medicine
https://news.asu.edu/quicktabs/nojs/arizona_s_shared_priorities/0,medicine
https://news.asu.edu/quicktabs/nojs/arizona_s_shared_priorities/1,medicine
https://news.asu.edu/quicktabs/nojs/arizona_s_shared_priorities/2,medicine
https://news.asu.edu/quicktabs/nojs/arizona_s_shared_priorities/3,medicine
https://news.asu.edu/quicktabs/nojs/arizona_s_shared_priorities/4,medicine
https://news.asu.edu/saf/university-news,medicine
https://news.asu.edu/20251030-university-news-asu-ranked-among-world-best-graduate-employability,medicine
https://news.asu.edu/saf/science-and-technology,medicine
https://news.asu.edu/2025022-science-and-technology-asu-computer-scientists-ai-jobs-and-road-ahead,medicine
https://news.asu.edu/20250915-science-and-technology-asu-student-works-protect-african-penguins-local-aquarium,medicine
https://news.asu.edu/interests/employment,medicine
https://news.asu.edu/saf/sun-devil-community,medicine
https://news.asu.edu/20251204-sun-devil-community-leap-faith-led-outstanding-graduate-health-care-innovation,medicine
https://news.asu.edu/20251203-university-news-asu-names-4-regents-professors-2026,medicine
https://news.asu.edu/20251203-university-news-asu-names-4-regents-professors-2026,breakthrough
https://news.asu.edu/20251202-university-news-recordsetting-12000-asu-graduates-set-celebrate-fall-2025-graduation,medicine
https://news.asu.edu/interests/education,medicine
https://news.asu.edu/20251201-health-and-medicine-asu-grad-dreams-helping-hometown-residents-career-family-medicine,medicine
https://news.asu.edu/20251201-health-and-medicine-asu-grad-finds-purpose-serving-her-community-through-emergency-medical,medicine
https://news.asu.edu/20251125-health-and-medicine-what-know-about-arizonas-measles-outbreak,medicine
https://news.asu.edu/20251125-health-and-medicine-what-know-about-arizonas-measles-outbreak,upcoming
https://news.asu.edu/20251204-sun-devil-community-industrial-design-graduate-turning-big-ideas-realworld-impact,medicine
https://news.asu.edu/saf/entrepreneurship,medicine
https://news.asu.edu/20251204-business-and-entrepreneurship-lab-orbit-solestials-takeoff-research-startup-company,medicine
https://news.asu.edu/saf/environment-and-sustainability,medicine
https://news.asu.edu/20251204-environment-and-sustainability-arizona-water-innovation-exhibit-highlights-thousand-years,medicine
https://news.asu.edu/un-sustainable-development-goals/sdg-09-industry-innovation-and-infrastructure,medicine
https://news.asu.edu/20251201-sun-devil-community-asu-staff-member-earns-masters-degree-embraces-cultural-bridgebuilding,medicine
https://news.asu.edu/saf/law-journalism-and-politics,medicine
https://news.asu.edu/20251121-law-journalism-and-politics-5-takeaways-about-artificial-intelligence-and-elections,medicine
https://news.asu.edu/20251028-law-journalism-and-politics-asu-center-works-restore-trust-foundations-democracy,medicine
https://news.asu.edu/interests/politics,medicine
https://news.asu.edu/20251121-arts-humanities-and-education-elementary-school-teachers-boast-classroom-benefits-after,medicine
https://news.asu.edu/20251126-science-and-technology-new-research-asu-paleoanthropologists-2-ancient-human-ancestors-neighbors,medicine
https://news.asu.edu/20251121-science-and-technology-scientists-discover-new-turtle-lived-alongside-lucy-species,medicine
https://news.asu.edu/20251124-science-and-technology-when-facts-arent-enough,medicine
https://news.asu.edu/20250807-environment-and-sustainability-preparing-drier-future-colorado-river-basin,medicine
https://news.asu.edu/20250807-environment-and-sustainability-preparing-drier-future-colorado-river-basin,breakthrough
https://news.asu.edu/explore-stories-by-topic,medicine
https://news.asu.edu/quicktabs/nojs/explore_stories_by_topic/0,medicine
https://news.asu.edu/quicktabs/nojs/explore_stories_by_topic/1,medicine
https://news.asu.edu/quicktabs/nojs/explore_stories_by_topic/2,medicine
https://news.asu.edu/quicktabs/nojs/explore_stories_by_topic/3,medicine
https://news.asu.edu/quicktabs/nojs/explore_stories_by_topic/4,medicine
https://news.asu.edu/quicktabs/nojs/explore_stories_by_topic/5,medicine
https://news.asu.edu/quicktabs/nojs/explore_stories_by_topic/6,medicine
https://news.asu.edu/quicktabs/nojs/explore_stories_by_topic/7,medicine
https://news.asu.edu/quicktabs/nojs/explore_stories_by_topic/8,medicine
https://news.asu.edu/20251201-arts-humanities-and-education-canada-armenia-school-art-student-pursues-passion-through,medicine
https://news.asu.edu/20251201-arts-humanities-and-education-photography-student-explores-cultural-legacy-through-his,medicine
https://news.asu.edu/20251124-university-news-surviving-frictionfilled-family-gatherings-season,medicine
https://news.asu.edu/20251124-university-news-surviving-frictionfilled-family-gatherings-season,upcoming
https://news.asu.edu/20251201-business-and-entrepreneurship-thunderbird-alum-and-boeing-executive-maria-laine-keynote,medicine
https://news.asu.edu/20251201-business-and-entrepreneurship-international-graduate-ready-return-india-do-business,medicine
https://news.asu.edu/20251203-environment-and-sustainability-how-integrating-nature-can-make-cities-more-equitable,medicine
https://news.asu.edu/20251201-environment-and-sustainability-asu-grad-dedicated-phd-uncovering-evolutionary,medicine
https://news.asu.edu/20251201-local-national-and-global-affairs-asu-graduate-uses-communication-fundraising-skills-aid,medicine
https://news.asu.edu/20251201-local-national-and-global-affairs-emergency-manager-connects-ontheground-experiences,medicine
https://news.asu.edu/20251204-sun-devil-community-biochemistry-graduate-finds-his-path-pharmacy-through-versatility-asu-degree,medicine
https://news.asu.edu/20251204-sun-devil-community-phd-grad-chased-her-dreams-while-navigating-family-and-work,medicine
https://news.asu.edu/20251201-sun-devil-community-olympic-gold-medalist-adds-asu-graduate-his-list-accomplishments,medicine
https://news.asu.edu/20251026-arts-humanities-and-education-university-provost-leads-marching-band-game-day-performance,medicine
https://news.asu.edu/20251024-sun-devil-community-ncaa-champion-anthony-robles-inspires-sun-devils-persevere,medicine
https://news.asu.edu/sports,medicine
https://news.asu.edu/20251120-university-news-asu-launches-asu-london-bringing-global-reputation-innovation-uk,medicine
https://news.asu.edu/subscribe,medicine
https://news.asu.edu/20251204-sun-devil-community-how-one-longtime-patent-attorney-catalyzed-his-love-biochemistry,medicine
https://news.asu.edu/20251204-sun-devil-community-hope-resilience-marks-ramero-russells-path-degree,medicine
https://news.asu.edu/content/september-2025-0,medicine
https://news.asu.edu/thrive-magazine,medicine
https://news.asu.edu/contact,medicine
